ID,Plaintext Name,Solar System Flag,Phylum,Samples,cfreq_1336mhz,cfreq_2008mhz,cfreq_4536mhz,cfreq_8336mhz,Unnamed: 9
1,446 Aeternitas,1,MinorBody,P,0,0,0,0,
2,52 Europa,1,MinorBody,P,0,0,0,0,
3,624 Hektor,1,MinorBody,P,0,0,0,0,
4,434 Hungaria,1,MinorBody,P,0,0,0,0,
5,16 Psyche,1,MinorBody,P,0,0,0,0,
6,3628 Boznemcova,1,MinorBody,P,0,0,0,0,
7,420 Bertholda,1,MinorBody,P,0,0,0,0,
8,1862 Apollo,1,MinorBody,P,1,1,1,1,
9,349 Dembowska,1,MinorBody,P,0,0,0,0,
10,15 Eunomia,1,MinorBody,P,1,1,1,1,
11,233 Asterope,1,MinorBody,P,0,0,0,0,
12,4 Vesta,1,MinorBody,P,0,0,0,0,
13,90 Antiope,1,MinorBody,P,0,0,0,0,
14,Dactyl,1,MinorBody,P,0,0,0,0,
15,3200 Phaethon,1,MinorBody,P,0,0,0,0,
16,2020 AV2,1,MinorBody,PS,0,0,0,0,
17,(322756) 2001 CK32,1,MinorBody,P,0,0,0,0,
18,163693 Atira,1,MinorBody,P,0,0,0,0,
19,3753 Cruithne,1,MinorBody,P,0,0,0,0,
20,1991 VG,1,MinorBody,P,0,0,0,0,
21,2010 TK7,1,MinorBody,P,0,0,0,0,
22,(469219) Kamo'oalewa,1,MinorBody,P,1,1,1,1,
23,4660 Nereus,1,MinorBody,P,1,1,1,1,
24,433 Eros,1,MinorBody,P,0,0,0,0,
25,5261 Eureka,1,MinorBody,P,1,1,1,1,
26,8 Flora,1,MinorBody,P,1,1,1,1,
27,25 Phocaea,1,MinorBody,P,0,0,0,0,
28,65 Cybele,1,MinorBody,P,1,1,1,1,
29,153 Hilda,1,MinorBody,P,0,0,0,0,
30,6P/d'Arrest,1,MinorBody,P,2,2,2,2,
31,21P/Giacobini-Zinner,1,MinorBody,P,2,2,2,2,
32,1P/Halley,1,MinorBody,P,2,2,2,2,
33,C/2014 S3 (PANSTARRS),1,MinorBody,P,2,2,2,2,
34,5335 Damocles,1,MinorBody,P,0,0,0,0,
35,beta Pic,0,MinorBody,P,0,0,0,0,
36,2P/Encke,1,MinorBody,P,2,2,2,2,
37,7968 Elst-Pizarro,1,MinorBody,P,0,0,0,0,
38,9P/Tempel 1,1,MinorBody,P,2,2,2,2,
39,2060 Chiron,1,MinorBody,PS,0,0,0,0,
40,153P/Ikeya-Zhang,1,MinorBody,P,2,2,2,2,
41,(24835) 1995 SM55,1,MinorBody,P,0,0,0,0,
42,(15788) 1993 SB,1,MinorBody,P,0,0,0,0,
43,(385185) 1993 RO,1,MinorBody,P,0,0,0,0,
44,15760 Albion,1,MinorBody,P,0,0,0,0,
45,79360 Sila-Nunam,1,MinorBody,P,0,0,0,0,
46,2011 QF99,1,MinorBody,P,1,1,1,1,
47,2001 QR322,1,MinorBody,P,0,0,0,0,
48,(523899) 1997 CV29,1,MinorBody,P,1,1,1,1,
49,(20161) 1996 TR66,1,MinorBody,P,0,0,0,0,
50,(91554) 1999 RZ215,1,MinorBody,P,0,0,0,0,
51,(181902) 1999 RD215,1,MinorBody,P,0,0,0,0,
52,541132 Leleakuhonua,1,MinorBody,PS,0,0,0,0,
53,Phobos,1,MinorBody,PS,1,1,1,1,
54,Amalthea,1,MinorBody,P,0,0,0,0,
55,Methone,1,MinorBody,P,0,0,0,0,
56,Himalia,1,MinorBody,P,0,0,0,0,
57,Phoebe,1,MinorBody,P,0,0,0,0,
58,Helene,1,MinorBody,P,0,0,0,0,
59,Epimetheus,1,MinorBody,P,0,0,0,0,
60,2006 RH120,1,MinorBody,P,0,0,0,0,
61,Prometheus,1,MinorBody,P,0,0,0,0,
62,Hyperion,1,MinorBody,P,0,0,0,0,
63,WD 1145+017,0,MinorBody,P,1,1,1,1,
64,Saturn,1,MinorBody,P,0,0,0,0,
65,Neptune,1,MinorBody+GiantPlanet,P,0,0,0,0,
66,L5 Kordylewsky cloud,1,MinorBody,P,0,0,0,0,
67,C/2019 Q4 (Borisov),1,MinorBody,P,2,2,2,2,
68,1I/'Oumuamua,1,MinorBody,PA,2,2,2,2,
69,TW Hya,0,MinorBody+Star,P,0,0,0,0,
70,EPIC 203937317,0,MinorBody,P,0,0,0,0,
71,GM Aur,0,MinorBody,P,0,0,0,0,
72,tau Cet,0,MinorBody+Star,P,0,0,0,0,
73,kappa Psc,0,MinorBody,P,1,1,1,1,
74,Altair,0,MinorBody,P,1,1,1,1,
75,NGC 2547 ID8,0,MinorBody,P,0,0,0,0,
76,BD+20 307,0,MinorBody,P,0,0,0,0,
77,NGC 7293*,0,MinorBody+CollapsedStar,P,1,1,1,1,
78,G29-38,0,MinorBody,P,1,1,1,1,
79,WD J0914+1914,0,MinorBody+GiantPlanet,P,1,1,1,1,
80,Mercury,1,SolidPlanetoid,P,1,1,1,1,
81,K2-229,0,SolidPlanetoid,P,1,1,1,1,
82,Mars,1,SolidPlanetoid,P,1,1,1,1,
83,Kepler 444,0,SolidPlanetoid,PS,1,1,1,1,
84,Proxima Cen,0,SolidPlanetoid,P,0,0,0,0,
85,Venus,1,SolidPlanetoid,PS,0,0,0,0,
86,Kepler 78,0,SolidPlanetoid,P,1,1,1,1,
87,Barnard's star,0,SolidPlanetoid,P,1,1,1,1,
88,LHS 1140,0,SolidPlanetoid+Star,PE,0,0,0,0,
89,HD 40307,0,SolidPlanetoid,P,0,0,0,0,
90,55 Cnc,0,SolidPlanetoid,P,0,0,0,0,
91,TRAPPIST-1,0,SolidPlanetoid+Star,PSE,1,1,1,1,
92,TOI 849 b,0,SolidPlanetoid,P,0,0,0,0,
93,KIC 12557548,0,SolidPlanetoid,P,1,1,1,1,
94,PSR B1257+12,0,SolidPlanetoid,PSA,1,1,1,1,
95,1 Ceres,1,SolidPlanetoid,PS,0,0,0,0,
96,136199 Eris,1,SolidPlanetoid,PS,0,0,0,0,
97,134340 Pluto,1,SolidPlanetoid,PS,0,0,0,0,
98,90377 Sedna,1,SolidPlanetoid,PS,0,0,0,0,
99,136472 Makemake,1,SolidPlanetoid,P,0,0,0,0,
100,136108 Haumea,1,SolidPlanetoid,P,0,0,0,0,
101,Moon,1,SolidPlanetoid,PS,0,0,0,0,
102,Titan,1,SolidPlanetoid,P,0,0,0,0,
103,Triton,1,SolidPlanetoid,P,0,0,0,0,
104,Europa,1,SolidPlanetoid,P,1,1,1,1,
105,Callisto,1,SolidPlanetoid,P,0,0,0,0,
106,Ganymede,1,SolidPlanetoid,PS,1,1,1,1,
107,Enceladus,1,SolidPlanetoid,PS,0,0,0,0,
108,Io,1,SolidPlanetoid,PS,0,0,0,0,
109,Kepler 22,0,GiantPlanet,P,1,1,1,1,
110,GJ 436,0,GiantPlanet,P,1,1,1,1,
111,HATS-P-26,0,GiantPlanet,P,1,1,1,1,
112,GJ 1214,0,GiantPlanet,P,1,1,1,1,
113,Jupiter,1,GiantPlanet,PS,0,0,0,0,
114,HD 93083,0,GiantPlanet,P,0,0,0,0,
115,HATS-17,0,GiantPlanet,P,0,0,0,0,
116,HD 189733,0,GiantPlanet,P,1,1,1,1,
117,HD 209458,0,GiantPlanet,P,1,1,1,1,
118,Kepler 18,0,GiantPlanet,P,1,1,1,1,
119,HR 8799,0,GiantPlanet,P,1,1,1,1,
120,HD 28185,0,GiantPlanet,P,0,0,0,0,
121,HD 80606,0,GiantPlanet,P,1,1,1,1,
122,HD 147506,0,GiantPlanet,P,0,0,0,0,
123,Pollux,0,GiantPlanet,P,1,1,1,1,
124,PSR B1620-26,0,GiantPlanet,PS,0,0,0,0,
125,Kepler 16,0,GiantPlanet,P,1,1,1,1,
126,NN Ser,0,GiantPlanet,P,1,1,1,1,
127,Kepler 223,0,GiantPlanet,P,1,1,1,1,
128,IRAS 16293-2422,0,Star,P,0,0,0,0,
129,Elias 29,0,Star,P,0,0,0,0,
130,IRAS 20126+4104,0,Star,P,1,1,1,1,
131,AB Aur,0,Star,P,0,0,0,0,
132,FU Ori,0,Star,P,1,1,1,1,
133,WISE J085510.83-071442.5,0,Star,PS,0,0,0,0,
134,WISE J071322.55-291751.9,0,Star,P,0,0,0,0,
135,2MASSI J0415195-093506,0,Star,P,0,0,0,0,
136,epsilon Ind Bb,0,Star,P,0,0,0,0,
137,Luhman 16B,0,Star,P,0,0,0,0,
138,Luhman 16A,0,Star,P,0,0,0,0,
139,HD 130948BC,0,Star,P,1,1,1,1,
140,2MASSI J1506544+132106,0,Star,P,1,1,1,1,
141,PPL 15,0,Star,P,0,0,0,0,
142,2MASS J0523-1403,0,Star,PS,0,0,0,0,
143,VB 10,0,Star,P,1,1,1,1,
144,Wolf 359,0,Star,P,1,1,1,1,
145,HD 95735,0,Star,P,1,1,1,1,
146,61 Cyg B,0,Star,P,1,1,1,1,
147,61 Cyg A,0,Star,P,1,1,1,1,
148,epsilon Eri,0,Star,P,0,0,0,0,
149,kappa 1 Cet,0,Star,P,0,0,0,0,
150,Sun,1,Star,P,2,2,2,2,
151,beta Vir,0,Star,P,1,1,1,1,
152,pi 3 Ori,0,Star,P,0,0,0,0,
153,78 UMa,0,Star,P,1,1,1,1,
154,alpha Cep,0,Star,P,1,1,1,1,
155,Alcor,0,Star,P,1,1,1,1,
156,Vega,0,Star,P,1,1,1,1,
157,lambda Aql,0,Star,P,1,1,1,1,
158,alpha Gru,0,Star,P,0,0,0,0,
159,eta UMa,0,Star,P,1,1,1,1,
160,10 Lac,0,Star,P,1,1,1,1,
161,HD 46150,0,Star,P,0,0,0,0,
162,HD 64568,0,Star,P,0,0,0,0,
163,kappa CrB,0,Star,P,1,1,1,1,
164,mu Her,0,Star,P,1,1,1,1,
165,Procyon,0,Star,P,0,0,0,0,
166,iota UMa,0,Star,P,1,1,1,1,
167,gamma Cru,0,Star,P,0,0,0,0,
168,Aldebaran,0,Star,P,0,0,0,0,
169,Arcturus,0,Star,P,1,1,1,1,
170,alpha Ser,0,Star,P,1,1,1,1,
171,BD +17 3248,0,Star,P,1,1,1,1,
172,RR Lyr,0,Star,P,1,1,1,1,
173,HD 161817,0,Star,P,1,1,1,1,
174,R Dor,0,Star,P,0,0,0,0,
175,RS Cnc,0,Star,P,1,1,1,1,
176,IRC +10216,0,Star,P,0,0,0,0,
177,IRC +10011,0,Star,P,0,0,0,0,
178,HD 44179,0,Star,P,0,0,0,0,
179,V4334 Sgr,0,Star,P,1,1,1,1,
180,Regulus,0,Star,P,0,0,0,0,
181,Capella Ab,0,Star,P,0,0,0,0,
182,alpha Hya,0,Star,P,0,0,0,0,
183,alpha Cet,0,Star,P,0,0,0,0,
184,zeta Aur,0,Star,P,0,0,0,0,
185,epsilon Vir,0,Star,P,1,1,1,1,
186,Capella Aa,0,Star,P,0,0,0,0,
187,delta Cep,0,Star,P,1,1,1,1,
188,beta Ara,0,Star,P,0,0,0,0,
189,l Car,0,Star,P,0,0,0,0,
190,Canopus,0,Star,P,0,0,0,0,
191,MSX SMC 055,0,Star,P,0,0,0,0,
192,iota Ori,0,Star,P,1,1,1,1,
193,zeta Per,0,Star,P,0,0,0,0,
194,Deneb,0,Star,P,1,1,1,1,
195,Betelgeuse,0,Star,P,1,1,1,1,
196,rho Cas,0,Star,P,0,0,0,0,
197,VY CMa,0,Star,P,0,0,0,0,
198,EZ CMa,0,Star,P,0,0,0,0,
199,gamma 2 Vel,0,Star,P,0,0,0,0,
200,WR 102,0,Star,PS,1,1,1,1,
201,zeta 1 Sco,0,Star,P,0,0,0,0,
202,AG Car,0,Star,P,0,0,0,0,
203,eta Car,0,Star,P,0,0,0,0,
204,epsilon Ser,0,Star,P,1,1,1,1,
205,alpha 2 CVn,0,Star,P,1,1,1,1,
206,alpha And A,0,Star,P,0,0,0,0,
207,lambda Boo,0,Star,PA,1,1,1,1,
208,2MASS J0532+8246,0,Star,P,1,1,1,1,
209,Kapteyn's star,0,Star,P,0,0,0,0,
210,Groombridge 1830,0,Star,P,1,1,1,1,
211,BD -00 4470,0,Star,P,1,1,1,1,
212,HD 84937,0,Star,P,0,0,0,0,
213,HD 140283,0,Star,PS,1,1,1,1,
214,HD 122563,0,Star,P,1,1,1,1,
215,HE 0107-5240,0,Star,P,0,0,0,0,
216,Mira,0,Star+InteractingBinary,P,0,0,0,0,
217,delta Sct,0,Star,P,1,1,1,1,
218,gamma Dor,0,Star,P,0,0,0,0,
219,53 Per,0,Star,P,0,0,0,0,
220,beta Cep,0,Star,P,1,1,1,1,
221,OGLE BLAP-009,0,Star,P,1,1,1,1,
222,PG 1716+426,0,Star,P,1,1,1,1,
223,V361 Hya,0,Star,P,0,0,0,0,
224,SDSS J160043.6+074802.9,0,Star,P,0,0,0,0,
225,UV Cet,0,Star,P,0,0,0,0,
226,HR 1099,0,Star,P,0,0,0,0,
227,TVLM 513-46546,0,Star,P,1,1,1,1,
228,CU Vir,0,Star,P,1,1,1,1,
229,zeta Tau,0,Star,P,1,1,1,1,
230,V838 Mon,0,Star,P,0,0,0,0,
231,M67-S1237,0,Star,P,0,0,0,0,
232,FK Com,0,Star,P,1,1,1,1,
233,R CrB,0,Star,P,1,1,1,1,
234,HD 124448,0,Star,P,0,0,0,0,
235,40 Cnc,0,Star,P,0,0,0,0,
236,HD 149382,0,Star,P,0,0,0,0,
237,BD+28 4211,0,Star,P,1,1,1,1,
238,PG 1544+488,0,Star,P,1,1,1,1,
239,G77-61,0,Star,P,0,0,0,0,
240,zeta Oph,0,Star,P,0,0,0,0,
241,HD 271791,0,Star,P,0,0,0,0,
242,HVS 1,0,Star,P,1,1,1,1,
243,NLTT 11748,0,CollapsedStar,PS,0,0,0,0,
244,LAWD 32,0,CollapsedStar,P,0,0,0,0,
245,van Maanen 2,0,CollapsedStar,P,0,0,0,0,
246,Sirius B,0,CollapsedStar,P,0,0,0,0,
247,GD 50,0,CollapsedStar,P,0,0,0,0,
248,PG 1159-035,0,CollapsedStar,P,1,1,1,1,
249,GD 492,0,CollapsedStar,P,1,1,1,1,
250,D6-3,0,CollapsedStar,PS,1,1,1,1,
251,QU Vul,0,CollapsedStar,P,1,1,1,1,
252,G191-B2B,0,CollapsedStar,P,0,0,0,0,
253,LHS 253,0,CollapsedStar,P,0,0,0,0,
254,GD 358,0,CollapsedStar,P,1,1,1,1,
255,LAWD 87,0,CollapsedStar,P,1,1,1,1,
256,Stein 2051B,0,CollapsedStar,P,0,0,0,0,
257,LAWD 37,0,CollapsedStar,P,0,0,0,0,
258,HZ 21,0,CollapsedStar,P,1,1,1,1,
259,WD 1150+012,0,CollapsedStar,P,1,1,1,1,
260,SDSS 1102+2054,0,CollapsedStar,P,1,1,1,1,
261,Grw +70 8247,0,CollapsedStar,P,1,1,1,1,
262,ZZ Cet,0,CollapsedStar,P,0,0,0,0,
263,Ton 124,0,CollapsedStar,P,1,1,1,1,
264,1E 1207.4-5209,0,CollapsedStar,P,0,0,0,0,
265,Geminga,0,CollapsedStar,P,1,1,1,1,
266,Crab pulsar,0,CollapsedStar,P,1,1,1,1,
267,SGR 1806-20,0,CollapsedStar,PS,1,1,1,1,
268,XTE J1810-197,0,CollapsedStar,P,1,1,1,1,
269,SGR 1935+2154,0,CollapsedStar,PA,1,1,1,1,
270,PSR B0656+14,0,CollapsedStar,P,1,1,1,1,
271,RX J1856.5-3754,0,CollapsedStar,P,0,0,0,0,
272,PSR J0437-4715,0,CollapsedStar+StellarGroup,P,0,0,0,0,
273,Cyg X-1,0,CollapsedStar+InteractingBinary,P,1,1,1,1,
274,NGC 3201 BH1,0,CollapsedStar,P,0,0,0,0,
275,NGC 6946-BH1,0,Star+CollapsedStar,PA,1,1,1,1,
276,Algol,0,InteractingBinary,P,0,0,0,0,
277,W UMa,0,InteractingBinary,P,0,0,0,0,
278,FG Hya,0,InteractingBinary,P,0,0,0,0,
279,OO Aql,0,InteractingBinary,P,1,1,1,1,
280,CH Cyg,0,InteractingBinary,P,1,1,1,1,
281,R Aqr,0,InteractingBinary,P,0,0,0,0,
282,RR Tel,0,InteractingBinary,P,0,0,0,0,
283,RS Oph,0,InteractingBinary,P,1,1,1,1,
284,SS Cyg,0,InteractingBinary,P,1,1,1,1,
285,UX UMa,0,InteractingBinary,P,1,1,1,1,
286,T Pyx,0,InteractingBinary,P,0,0,0,0,
287,GK Per,0,InteractingBinary,P,0,0,0,0,
288,DQ Her,0,InteractingBinary,P,1,1,1,1,
289,AE Aqr,0,InteractingBinary,P,1,1,1,1,
290,AM Her,0,InteractingBinary,P,1,1,1,1,
291,AR Sco,0,InteractingBinary,P,0,0,0,0,
292,AM CVn,0,InteractingBinary,P,1,1,1,1,
293,QR And,0,InteractingBinary,P,0,0,0,0,
294,Sco X-1,0,InteractingBinary,P,0,0,0,0,
295,4U 1608-52,0,InteractingBinary,P,0,0,0,0,
296,4U 1730-335,0,InteractingBinary,P,0,0,0,0,
297,4U 1820-303,0,InteractingBinary,P,0,0,0,0,
298,GX 1+4,0,InteractingBinary,P,1,1,1,1,
299,SAX J1808.4-3658,0,InteractingBinary,P,0,0,0,0,
300,PSR J1023+0038,0,InteractingBinary,P,0,0,0,0,
301,Her X-1,0,InteractingBinary,P,1,1,1,1,
302,A 0535+26,0,InteractingBinary,P,1,1,1,1,
303,Vel X-1,0,InteractingBinary,P,0,0,0,0,
304,Cen X-3,0,InteractingBinary,P,0,0,0,0,
305,4U 1954+31,0,InteractingBinary,P,1,1,1,1,
306,V404 Cyg,0,InteractingBinary,P,1,1,1,1,
307,MCW 656,0,InteractingBinary,P,1,1,1,1,
308,GRS 1915+105,0,InteractingBinary,P,1,1,1,1,
309,SS433,0,InteractingBinary,P,1,1,1,1,
310,M82 X-1,0,InteractingBinary,P,0,0,0,0,
311,M101 ULX-1,0,InteractingBinary,P,1,1,1,1,
312,M82 X-2,0,InteractingBinary,P,0,0,0,0,
313,RZ 2109 ULX,0,InteractingBinary,P,1,1,1,1,
314,gamma Cas,0,InteractingBinary,P,0,0,0,0,
315,IGR J17544-2619,0,InteractingBinary,P,1,1,1,1,
316,WR 140,0,InteractingBinary,P,1,1,1,1,
317,XX Oph,0,InteractingBinary,P,1,1,1,1,
318,PSR B1259-63,0,InteractingBinary,P,0,0,0,0,
319,PSR B1957+20,0,CollapsedStar+InteractingBinary,PS,1,1,1,1,
320,PSR J1417-4402,0,InteractingBinary,P,0,0,0,0,
321,alpha Cen,0,StellarGroup,P,0,0,0,0,
322,T Tau,0,StellarGroup,P,0,0,0,0,
323,Luhman 16,0,StellarGroup,P,0,0,0,0,
324,WD 0135-052,0,StellarGroup,P,0,0,0,0,
325,PSR J1719-1438,0,StellarGroup,P,1,1,1,1,
326,PSR B1913+16,0,StellarGroup,P,1,1,1,1,
327,HW Vir,0,StellarGroup,P,1,1,1,1,
328,KOI 54,0,StellarGroup,P,1,1,1,1,
329,YY Gem,0,StellarGroup,P,1,1,1,1,
330,epsilon Aur,0,StellarGroup,P,0,0,0,0,
331,PSR J0737-3039,0,StellarGroup,P,0,0,0,0,
332,KIC 8145411,0,StellarGroup,PA,1,1,1,1,
333,RS CVn,0,StellarGroup,P,1,1,1,1,
334,IC 2391,0,StellarGroup,P,0,0,0,0,
335,M67,0,StellarGroup,P,0,0,0,0,
336,Westerlund 1,0,StellarGroup,P,0,0,0,0,
337,N1023-FF-14,0,StellarGroup,P,0,0,0,0,
338,47 Tuc,0,StellarGroup,P,0,0,0,0,
339,M15,0,StellarGroup,P,1,1,1,1,
340,NGC 6752,0,StellarGroup,PA,0,0,0,0,
341,M31-EC4,0,StellarGroup,P,0,0,0,0,
342,Palomar 1,0,StellarGroup,P,0,0,0,0,
343,Central cluster,0,StellarGroup,P,0,0,0,0,
344,omega Cen,0,StellarGroup,P,0,0,0,0,
345,CMa R1,0,StellarGroup,P,0,0,0,0,
346,Cyg OB2,0,StellarGroup,P,1,1,1,1,
347,NGC 604,0,StellarGroup+ISM,PS,0,0,0,0,
348,Cen A outer filament,0,StellarGroup,P,0,0,0,0,
349,zeta Oph cloud,0,ISM,P,0,0,0,0,
350,NGC 7023,0,ISM,P,1,1,1,1,
351,Ori A,0,ISM,P,1,1,1,1,
352,G028.37+00.07,0,ISM,P,1,1,1,1,
353,TMC-1,0,ISM,P,0,0,0,0,
354,Barnard 68,0,ISM,P,1,1,1,1,
355,Orion hot core,0,ISM,P,1,1,1,1,
356,Sex A hole,0,ISM,P,0,0,0,0,
357,M42,0,ISM,P,1,1,1,1,
358,W3(OH),0,ISM,P,0,0,0,0,
359,NGC 3603,0,ISM,P,0,0,0,0,
360,Arp 220,0,ISM+Galaxy,P,1,1,1,1,
361,HH 1,0,ISM,P,1,1,1,1,
362,EGO G16.59-0.05,0,ISM,P,1,1,1,1,
363,zeta Oph bow shock,0,ISM,P,0,0,0,0,
364,Red rectangle nebula,0,ISM,P,1,1,1,1,
365,Helix nebula,0,ISM,P,1,1,1,1,
366,NGC 6302,0,ISM,P,0,0,0,0,
367,NGC 2346,0,ISM,P,0,0,0,0,
368,IRC +10420,0,ISM,P,1,1,1,1,
369,SBW 1,0,ISM,P,0,0,0,0,
370,Homunculus nebula,0,ISM,P,0,0,0,0,
371,S 308,0,ISM,P,0,0,0,0,
372,Cas A,0,ISM,P,1,1,1,1,
373,Kes 75,0,ISM,P,1,1,1,1,
374,W44,0,ISM,P,1,1,1,1,
375,SN 1987A,0,ISM,P,0,0,0,0,
376,Crab nebula,0,ISM,P,1,1,1,1,
377,SWIFT J1834.9-0846 nebula,0,ISM,P,1,1,1,1,
378,PSR B1957+20 bow shock,0,ISM,P,1,1,1,1,
379,Geminga halo,0,ISM,P,1,1,1,1,
380,R Aqr nebula,0,ISM,P,0,0,0,0,
381,GK Per shell,0,ISM,P,0,0,0,0,
382,CAL 83 nebula,0,ISM,P,0,0,0,0,
383,SAX J1712.6-3739 nebula,0,ISM,P,0,0,0,0,
384,Cyg X-1 shell,0,ISM,P,1,1,1,1,
385,N159F,0,ISM,P,0,0,0,0,
386,W50,0,ISM,P,1,1,1,1,
387,Cyg cocoon,0,ISM,P,1,1,1,1,
388,HVC 125+41-208,0,ISM,P,1,1,1,1,
389,SSA22a-LAB01,0,ISM,P,1,1,1,1,
390,NGC 6166,0,Galaxy,P,0,0,0,0,
391,NGC 4636,0,Galaxy,P,1,1,1,1,
392,M59,0,Galaxy,P,1,1,1,1,
393,NGC 821,0,Galaxy,P,0,0,0,0,
394,NGC 3115,0,Galaxy,P,0,0,0,0,
395,NGC 4260,0,Galaxy,P,1,1,1,1,
396,M32,0,Galaxy,P,0,0,0,0,
397,NGC 4546 UCD-1,0,Galaxy,P,1,1,1,1,
398,NGC 205,0,Galaxy,P,0,0,0,0,
399,Sculptor dSph,0,Galaxy,P,0,0,0,0,
400,UMa II,0,Galaxy,P,0,0,0,0,
401,NGC 4431,0,Galaxy,P,1,1,1,1,
402,NGC 1277,0,Galaxy,P,0,0,0,0,
403,MRG-M0150,0,Galaxy,P,0,0,0,0,
404,MRG-M0138,0,Galaxy,P,0,0,0,0,
405,IC 976,0,Galaxy,P,1,1,1,1,
406,NGC 404,0,Galaxy,P,0,0,0,0,
407,M81,0,Galaxy,P,0,0,0,0,
408,M100,0,Galaxy,P,1,1,1,1,
409,D563-4,0,Galaxy,P,0,0,0,0,
410,NGC 891,0,Galaxy,P,0,0,0,0,
411,Phoenix dwarf,0,Galaxy,P,0,0,0,0,
412,NGC 5173,0,Galaxy,P,1,1,1,1,
413,IC 225,0,Galaxy,P,0,0,0,0,
414,M101,0,Galaxy,P,1,1,1,1,
415,NGC 300,0,Galaxy,P,0,0,0,0,
416,NGC 55,0,Galaxy,P,0,0,0,0,
417,NGC 4701,0,Galaxy,P,1,1,1,1,
418,SS 16,0,Galaxy,P,0,0,0,0,
419,M99,0,Galaxy,P,1,1,1,1,
420,NGC 4631,0,Galaxy,P,1,1,1,1,
421,NGC 6822,0,Galaxy,P,1,1,1,1,
422,IC 1613,0,Galaxy,P,0,0,0,0,
423,NGC 3077,0,Galaxy,P,0,0,0,0,
424,SGAS J143845.1+145407,0,Galaxy,P,1,1,1,1,
425,Sp1149 (A1),0,Galaxy,P,1,1,1,1,
426,A68-HLS115,0,Galaxy,P,0,0,0,0,
427,HLock-01 (R),0,Galaxy,P,1,1,1,1,
428,M82,0,Galaxy,P,0,0,0,0,
429,Arp 236,0,Galaxy,P,0,0,0,0,
430,HIZOA J0836-43,0,Galaxy,P,0,0,0,0,
431,I Zwicky 18,0,Galaxy,P,0,0,0,0,
432,POX 186,0,Galaxy,PS,1,1,1,1,
433,Haro 2,0,Galaxy,P,1,1,1,1,
434,NGC 2366,0,Galaxy,P,1,1,1,1,
435,ID11,0,Galaxy,P,0,0,0,0,
436,SL2S J02176-0513,0,Galaxy,P,0,0,0,0,
437,cB 58,0,Galaxy,P,1,1,1,1,
438,SMM J2135-0102,0,Galaxy,P,1,1,1,1,
439,Minkowski's object,0,Galaxy,P,0,0,0,0,
440,Malin 1,0,Galaxy,P,1,1,1,1,
441,VCC 1287,0,Galaxy,P,1,1,1,1,
442,UGC 2162,0,Galaxy,P,0,0,0,0,
443,HI 1232+20,0,Galaxy,P,1,1,1,1,
444,Cartwheel,0,Galaxy,P,0,0,0,0,
445,NGC 4650A,0,Galaxy,P,0,0,0,0,
446,Hoag's object,0,Galaxy,P,1,1,1,1,
447,M51a/b,0,Galaxy,P,2,2,2,2,
448,Antennae,0,Galaxy,P,1,1,1,1,
449,Antennae TDG,0,Galaxy,P,1,1,1,1,
450,3C 75,0,Galaxy+AGN,P,0,0,0,0,
451,ESO 137-001,0,Galaxy,P,0,0,0,0,
452,IC 3418,0,Galaxy,P,1,1,1,1,
453,M51a,0,Galaxy,P,1,1,1,1,
454,NGC 7793,0,Galaxy,P,0,0,0,0,
455,NGC 4622,0,Galaxy,P,0,0,0,0,
456,M91,0,Galaxy,P,1,1,1,1,
457,NGC 1097,0,Galaxy,P,0,0,0,0,
458,M64,0,Galaxy,P,1,1,1,1,
459,NGC 1291,0,Galaxy,P,0,0,0,0,
460,NGC 2787,0,Galaxy,P,1,1,1,1,
461,NGC 1365,0,Galaxy+AGN,P,0,0,0,0,
462,NGC 6012,0,Galaxy,P,1,1,1,1,
463,NGC 1433,0,Galaxy,P,0,0,0,0,
464,NGC 5101,0,Galaxy,P,1,1,1,1,
465,NGC 3898,0,Galaxy,P,1,1,1,1,
466,UGC 7321,0,Galaxy,P,1,1,1,1,
467,NGC 3923,0,Galaxy,P,0,0,0,0,
468,LEDA 074886,0,Galaxy,P,0,0,0,0,
469,KK 246,0,Galaxy,P,0,0,0,0,
470,ESO 243-49 HLX1,0,AGN,P,0,0,0,0,
471,Sgr A*,0,AGN,P,0,0,0,0,
472,NGC 1052,0,AGN,P,0,0,0,0,
473,NGC 4395,0,AGN,P,1,1,1,1,
474,NGC 4686,0,AGN,P,1,1,1,1,
475,NGC 7469,0,AGN,P,1,1,1,1,
476,NGC 1068,0,AGN,P,0,0,0,0,
477,I Zwicky 1,0,AGN,P,0,0,0,0,
478,NGC 2911,0,AGN,P,0,0,0,0,
479,Cen A,0,AGN,P,0,0,0,0,
480,Cyg A,0,AGN,P,1,1,1,1,
481,NGC 1265,0,AGN,P,0,0,0,0,
482,3C 403,0,AGN,P,1,1,1,1,
483,3C 286,0,AGN,P,1,1,1,1,
484,PKS 1934-638,0,AGN,P,0,0,0,0,
485,3C 273,0,AGN,P,1,1,1,1,
486,Mrk 335,0,AGN,P,0,0,0,0,
487,Cloverleaf quasar,0,AGN,P,1,1,1,1,
488,PHL 1811,0,AGN,P,1,1,1,1,
489,BL Lac,0,AGN,P,1,1,1,1,
490,3C 279,0,AGN,P,1,1,1,1,
491,TXS 0506+056,0,AGN,P,0,0,0,0,
492,SST24 J143644.2+350627,0,AGN,P,1,1,1,1,
493,WISE 1814+3412,0,AGN,P,1,1,1,1,
494,NGC 4258,0,AGN,P,1,1,1,1,
495,NGC 4151,0,AGN,P,1,1,1,1,
496,NGC 6240,0,AGN,P,1,1,1,1,
497,0402+379,0,AGN,P,0,0,0,0,
498,OJ 287,0,AGN,P,0,0,0,0,
499,Hanny's voorwerp,0,AGN,P,0,0,0,0,
500,B2 0924+30,0,AGN,P,0,0,0,0,
501,Arp 294,0,GalaxyAssociation,P,1,1,1,1,
502,UGCA 319/320,0,GalaxyAssociation,P,2,2,2,2,
503,Stephan's quintet,0,GalaxyAssociation,P,1,1,1,1,
504,NGC 6482,0,GalaxyAssociation,P,1,1,1,1,
505,Fornax cluster,0,GalaxyAssociation,P,0,0,0,0,
506,Virgo cluster,0,GalaxyAssociation,P,1,1,1,1,
507,Coma cluster,0,GalaxyAssociation,P,1,1,1,1,
508,Perseus cluster,0,GalaxyAssociation,P,0,0,0,0,
509,Bullet cluster,0,GalaxyAssociation,PS,0,0,0,0,
510,SSA22,0,GalaxyAssociation,P,1,1,1,1,
511,Abell 3667,0,GalaxyAssociation,P,0,0,0,0,
512,Coma C,0,GalaxyAssociation,P,1,1,1,1,
513,NGC 1275 minihalo,0,GalaxyAssociation,P,0,0,0,0,
514,1253+275,0,GalaxyAssociation,P,1,1,1,1,
515,Leo ring,0,LSS,P,1,1,1,1,
516,Laniakea attractor,0,LSS,P,0,0,0,0,
517,Dipole repeller,0,LSS,P,1,1,1,1,
518,ISS,1,Technology,P,2,2,2,2,
519,[GPS],1,Technology,P,1,1,1,1,
520,[ComSat],1,Technology,P,1,1,1,1,
521,[AmRadSat],1,Technology,P,1,1,1,1,
522,[EarthObsSat],1,Technology,P,1,1,1,1,
523,[WeatherSat],1,Technology,P,1,1,1,1,
524,HST,1,Technology,P,0,0,0,0,
525,Voyager 1,1,Technology,P,0,0,0,0,
526,LightSail 2,1,Technology,P,1,1,1,1,
527,LCS-1,1,Technology,P,0,0,0,0,
528,Vanguard I,1,Technology,P,1,1,1,1,
529,[Booster],1,Technology,P,1,1,1,1,
530,1963-014G,1,Technology,P,1,1,1,1,
531,1976-103G,1,Technology,P,1,1,1,1,
532,Tesla roadster,1,Technology,P,1,1,1,1,
533,Solar antipoint,1,NotReal,P,2,2,2,2,
534,Earth-Moon L5,1,NotReal,P,0,0,0,0,
535,Earth-Sun L4,1,NotReal,P,0,0,0,0,
536,Galactic anticenter,0,NotReal,P,1,1,1,1,
537,1173 Anchises,1,MinorBody,S,0,0,0,0,
538,(55636) 2002 TX300,1,MinorBody,S,0,0,0,0,
539,Cha 110913-773444,0,MinorBody,S,0,0,0,0,
540,2019 LF6,1,MinorBody,S,0,0,0,0,
541,2012 VP113,1,MinorBody,S,0,0,0,0,
542,Proteus,1,MinorBody,S,0,0,0,0,
543,Neso,1,MinorBody,S,0,0,0,0,
544,Metis,1,MinorBody,S,0,0,0,0,
545,1SWASP J140752.03-394415.1,0,MinorBody,S,0,0,0,0,
546,Mimas,1,SolidPlanetoid,S,0,0,0,0,
547,Iapetus,1,SolidPlanetoid,SA,0,0,0,0,
548,Tethys,1,SolidPlanetoid,S,0,0,0,0,
549,Charon,1,SolidPlanetoid,S,0,0,0,0,
550,Miranda,1,SolidPlanetoid,S,0,0,0,0,
551,Kepler 138,0,SolidPlanetoid,S,1,1,1,1,
552,Kepler 37,0,SolidPlanetoid,S,1,1,1,1,
553,Kepler 107,0,SolidPlanetoid,S,1,1,1,1,
554,82 Eri,0,SolidPlanetoid,S,0,0,0,0,
555,KOI 1843.03,0,SolidPlanetoid,S,1,1,1,1,
556,HAT-P-67,0,GiantPlanet,S,1,1,1,1,
557,Kepler 51,0,GiantPlanet,S,1,1,1,1,
558,KELT 9,0,GiantPlanet,S,0,0,0,0,
559,TrES-2,0,GiantPlanet,S,1,1,1,1,
560,V830 Tau,0,GiantPlanet,S,0,0,0,0,
561,kappa And,0,GiantPlanet,S,1,1,1,1,
562,omicron UMa,0,GiantPlanet,S,0,0,0,0,
563,HD 208527,0,GiantPlanet,S,1,1,1,1,
564,GJ 3483 B,0,GiantPlanet,S,0,0,0,0,
565,HD 163269,0,GiantPlanet,S,1,1,1,1,
566,R136 a1,0,Star,S,0,0,0,0,
567,EBLM J0555-57 Ab,0,Star,S,0,0,0,0,
568,Feige 34,0,Star,S,1,1,1,1,
569,NML Cyg,0,Star,S,1,1,1,1,
570,UY Sct,0,Star,S,1,1,1,1,
571,SMSS J0313-6708,0,Star,S,0,0,0,0,
572,14 Her,0,Star,S,0,0,0,0,
573,SDSS J102915+172927,0,Star,S,1,1,1,1,
574,S4711,0,Star,S,0,0,0,0,
575,S5-HVS1,0,Star,S,0,0,0,0,
576,SDSS J222859.93+362359.6,0,CollapsedStar,S,1,1,1,1,
577,U Sco,0,CollapsedStar,S,0,0,0,0,
578,LHS 4033,0,CollapsedStar,S,0,0,0,0,
579,PSR J2222-0137,0,CollapsedStar,S,1,1,1,1,
580,RX J0439.8-6809,0,CollapsedStar,S,0,0,0,0,
581,PG 1031+234,0,CollapsedStar,S,1,1,1,1,
582,WD 0346+246,0,CollapsedStar,S,0,0,0,0,
583,LP 400-22,0,CollapsedStar,S,1,1,1,1,
584,4U 1538-522,0,CollapsedStar,S,0,0,0,0,
585,MSP J0740+6620,0,CollapsedStar,S,1,1,1,1,
586,PSR J0537-6910,0,CollapsedStar,S,0,0,0,0,
587,PSR J2144-3933,0,CollapsedStar,S,0,0,0,0,
588,XTE J1739-285,0,CollapsedStar,S,0,0,0,0,
589,AX J1910.7+0917,0,CollapsedStar,S,1,1,1,1,
590,IGR J00291+5934,0,CollapsedStar,S,0,0,0,0,
591,SGR 1900+14,0,CollapsedStar,S,1,1,1,1,
592,NS 1987A,0,CollapsedStar,S,0,0,0,0,
593,PSR B1508+55,0,CollapsedStar,S,1,1,1,1,
594,PSR J1748-2446ad,0,CollapsedStar,S,1,1,1,1,
595,PSR J0250+5854,0,CollapsedStar,S,0,0,0,0,
596,2MASS J05215658+4359220,0,CollapsedStar,S,0,0,0,0,
597,HM Cnc,0,InteractingBinary,S,1,1,1,1,
598,NGC 5907 ULX,0,InteractingBinary,S,1,1,1,1,
599,TWA 42,0,StellarGroup,S,1,1,1,1,
600,Melnick 34,0,StellarGroup,S,0,0,0,0,
601,PSR J2322-2650,0,StellarGroup,S,0,0,0,0,
602,ZTF J153932.16+502738.8,0,StellarGroup,S,1,1,1,1,
603,65 UMa,0,StellarGroup,S,1,1,1,1,
604,IRS 13E,0,StellarGroup,SA,0,0,0,0,
605,NGC 7252 W3,0,StellarGroup,S,0,0,0,0,
606,HD 97950,0,StellarGroup,S,0,0,0,0,
607,Be 17,0,StellarGroup,S,0,0,0,0,
608,NGC 6791,0,StellarGroup,S,1,1,1,1,
609,Mayall II,0,StellarGroup,S,0,0,0,0,
610,(GC) 037-B327,0,StellarGroup,S,0,0,0,0,
611,M85-HCC 1,0,StellarGroup,S,1,1,1,1,
612,Kim 3,0,StellarGroup,S,0,0,0,0,
613,NGC 6522,0,StellarGroup,S,0,0,0,0,
614,ESO 280-SC06,0,StellarGroup,S,0,0,0,0,
615,NGC 6528,0,StellarGroup,S,0,0,0,0,
616,Boomerang nebula,0,ISM,S,0,0,0,0,
617,Sgr B2,0,ISM,S,0,0,0,0,
618,Sgr B2(N) AN01,0,ISM,S,0,0,0,0,
619,30 Dor,0,ISM,S,0,0,0,0,
620,W49N,0,ISM,S,1,1,1,1,
621,Segue 2,0,Galaxy,S,0,0,0,0,
622,Segue 1,0,Galaxy,S,0,0,0,0,
623,IC 1101,0,Galaxy+AGN,S,1,1,1,1,
624,OGC 21,0,Galaxy,S,1,1,1,1,
625,LEDA 088678,0,Galaxy,S,1,1,1,1,
626,M59-UCD3,0,Galaxy,S,1,1,1,1,
627,SPT 0346-52,0,Galaxy,S,0,0,0,0,
628,WISE J101326.25+611220.1,0,Galaxy,S,0,0,0,0,
629,Ant 2,0,Galaxy,S,0,0,0,0,
630,Ret II,0,Galaxy,S,0,0,0,0,
631,GN-z11,0,Galaxy,S,1,1,1,1,
632,MACS0647-JD,0,Galaxy,S,1,1,1,1,
633,ZF-COSMOS-20115,0,Galaxy,S,0,0,0,0,
634,AGC 229385,0,Galaxy,S,1,1,1,1,
635,J0811+4730,0,Galaxy,S,3,3,3,3,
636,NGC 2841,0,Galaxy,S,1,1,1,1,
637,IRAS 14070+0525,0,Galaxy,S,1,1,1,1,
638,SS 14,0,Galaxy,S,0,0,0,0,
639,SS 03,0,Galaxy,S,0,0,0,0,
640,A1689B11,0,Galaxy,S,1,1,1,1,
641,SPT-CLJ2344-4243 arc,0,Galaxy,S,0,0,0,0,
642,Snake,0,Galaxy,S,1,1,1,1,
643,RGG 118,0,AGN,S,1,1,1,1,
644,Holm 15A,0,AGN,S,0,0,0,0,
645,HS 1946+7658,0,AGN,S,1,1,1,1,
646,SMSS 2157-36,0,AGN,S,0,0,0,0,
647,WISE 2246-0526,0,AGN,S,1,1,1,1,
648,M60-UCD1,0,AGN,S,1,1,1,1,
649,J1329+3234,0,AGN,S,1,1,1,1,
650,J1342+0928,0,AGN,S,1,1,1,1,
651,CLASH B1938+666,0,AGN,S,1,1,1,1,
652,COSMOS 5921+0638,0,AGN,S,0,0,0,0,
653,J1420-0545,0,AGN,S,1,1,1,1,
654,J0804+3607,0,AGN,S,1,1,1,1,
655,HCG 54,0,GalaxyAssociation,S,1,1,1,1,
656,Seyfert's sextet,0,GalaxyAssociation,S,0,0,0,0,
657,Abell 370,0,GalaxyAssociation,S,0,0,0,0,
658,MACS J0717.5+34,0,GalaxyAssociation,S,1,1,1,1,
659,Abell 665,0,GalaxyAssociation,S,0,0,0,0,
660,Phoenix cluster,0,GalaxyAssociation,S,0,0,0,0,
661,CL J1001+0220,0,GalaxyAssociation,S,0,0,0,0,
662,A2744z8OD,0,GalaxyAssociation,S,0,0,0,0,
663,Shapley supercluster,0,LSS,S,0,0,0,0,
664,HE 0430-2457,0,StellarGroup,A,0,0,0,0,
665,PSR J1911-5958A,0,StellarGroup,A,0,0,0,0,
666,PSR J1740-5340,0,Star+StellarGroup,A,0,0,0,0,
667,S0-2,0,Star,A,0,0,0,0,
668,IRS 16C,0,Star,A,0,0,0,0,
669,G2,0,ISM,A,0,0,0,0,
670,ASASSN -14jb,0,CollapsedStar,A,0,0,0,0,
671,SN 2009ip,0,CollapsedStar,A,0,0,0,0,
672,HVGC-1,0,StellarGroup,A,1,1,1,1,
673,3C 186,0,AGN,A,1,1,1,1,
674,SDSS J113323.97+550415.9,0,AGN,A,1,1,1,1,
675,17P/Holmes,1,MinorBody,A,2,2,2,2,
676,Uranus,1,GiantPlanet,A,0,0,0,0,
677,HIP 41378,0,GiantPlanet,A,1,1,1,1,
678,HD 65949,0,Star,A,0,0,0,0,
679,Przybylski's star,0,Star,A,0,0,0,0,
680,HD 106038,0,Star,A,1,1,1,1,
681,HD 135485,0,Star,A,1,1,1,1,
682,LS IV-14 116,0,Star,A,1,1,1,1,
683,2MASS J13535604+4437076,0,Star,A,1,1,1,1,
684,COM 6266B,0,InteractingBinary,A,0,0,0,0,
685,M67-S1063,0,Star,A,0,0,0,0,
686,[SBD2011] 5,0,Star,A,0,0,0,0,
687,1E 1613-5055,0,CollapsedStar,A,0,0,0,0,
688,DWD HS 2220+2146,0,StellarGroup,A,0,0,0,0,
689,NGC 1277*,0,AGN,A,0,0,0,0,
690,Was 49b,0,AGN,A,1,1,1,1,
691,2MASX J07390433+1804252,0,AGN,A,1,1,1,1,
692,J 06587-5558,0,Unknown,A,0,0,0,0,
693,ASASSN -15lh,0,Unknown,A,0,0,0,0,
694,CMB cold spot,0,LSS,A,0,0,0,0,
695,(10537) 1991 RY16,1,MinorBody,A,0,0,0,0,
696,KIC 8462852,0,MinorBody+Star,A,1,1,1,1,
697,HD 139139,0,MinorBody,A,1,1,1,1,
698,VVV-WIT-07,0,MinorBody,A,0,0,0,0,
699,ASASSN-V J060000.76-310027.83,0,Star,A,0,0,0,0,
700,WISEA 0615-1247,0,Star,A,1,1,1,1,
701,45 Dra,0,Star,A,1,1,1,1,
702,OGLE LMC-CEP-4506,0,Star,A,0,0,0,0,
703,EK Dra,0,Star,A,1,1,1,1,
704,ASASSN-V J190917.06+182837.36,0,Star,A,1,1,1,1,
705,ASASSN-V J213939.3-702817.4,0,Star,A,0,0,0,0,
706,ASASSN V J193622.23+115244.1,0,Star,A,1,1,1,1,
707,NGC 3021-CANDIDATE 1,0,Star,A,0,0,0,0,
708,FILE 07/12/2025 8:49,0,Star,A,1,1,1,1,
709,BD +31 1048,0,Star,A,1,1,1,1,
710,AQ CVn,0,Star,A,1,1,1,1,
711,bet Cam,0,Star,A,0,0,0,0,
712,V654 Her,0,Star,A,1,1,1,1,
713,PTF 14jg,0,Star,A,0,0,0,0,
714,ASASSN-19lb,0,Star,A,0,0,0,0,
715,ASASSN-20lj,0,Star,A,1,1,1,1,
716,YZ CMi,0,Star,A,0,0,0,0,
717,Landstreet's star,0,Star,A,1,1,1,1,
718,GRB 060614,0,CollapsedStar,A,0,0,0,0,
719,GRB 060505,0,CollapsedStar,A,0,0,0,0,
720,PSR B0919+06,0,CollapsedStar,A,1,1,1,1,
721,DDE 168,0,Star,A,0,0,0,0,
722,UMi dSph,0,Galaxy,A,1,1,1,1,
723,NGC 247,0,Galaxy,A,0,0,0,0,
724,Leoncino dwarf,0,Galaxy,A,0,0,0,0,
725,Spikey,0,AGN,A,1,1,1,1,
726,ZTF19abanrhr,0,AGN,A,1,1,1,1,
727,GSN 069,0,AGN,A,0,0,0,0,
728,MCG+00-09-070,0,AGN,A,0,0,0,0,
729,3C 141,0,Unknown,A,0,0,0,0,
730,3C 125,0,Unknown,A,0,0,0,0,
731,3C 431,0,Unknown,A,1,1,1,1,
732,PMN J1751-2524,0,Unknown,A,1,1,1,1,
733,FRB 121102,0,Unknown,A,1,1,1,1,
734,ORC 2,0,Unknown,A,0,0,0,0,
735,Galactic center radio arc,0,Unknown,A,0,0,0,0,
736,3FGL J1539.2-3324,0,Unknown,A,0,0,0,0,
737,3FGL J1231.6-5113,0,Unknown,A,0,0,0,0,
738,TeV J2032+4130,0,Unknown,A,0,0,0,0,
739,HESS J1745-303,0,Unknown,A,0,0,0,0,
740,LWAT 171018,0,Unknown,A,0,0,0,0,
741,ILT J225347+862146,0,Unknown,A,1,1,1,1,
742,TGSSADR J183304.4-384046,0,Unknown,A,0,0,0,0,
743,J103916.2+585124,0,Unknown,A,1,1,1,1,
744,WJN J1443+3439,0,Unknown,A,1,1,1,1,
745,43.78+59.3,0,Unknown,A,0,0,0,0,
746,FIRST J141918.9+394036,0,Unknown,A,1,1,1,1,
747,RT 19920826,0,Unknown,A,1,1,1,1,
748,GCRT J1745-3009,0,Unknown,A,0,0,0,0,
749,FRB 190523,0,Unknown,A,1,1,1,1,
750,FRB 180916.J0158+65,0,Unknown,A,0,0,0,0,
751,VVV-WIT-02,0,Unknown,A,1,1,1,1,
752,OTS 1809+31,0,Unknown,A,1,1,1,1,
753,MASTER OT J051515.25+223945.7,0,Unknown,A,0,0,0,0,
754,USNO-B1.0 1084-0241525,0,Unknown,AE,1,1,1,1,
755,PTF 11agg,0,Unknown,A,0,0,0,0,
756,SN 2008S,0,Unknown,A,1,1,1,1,
757,PTF 09dav,0,Unknown,A,1,1,1,1,
758,AT 2018cow,0,Unknown,A,0,0,0,0,
759,Dougie,0,Unknown,A,1,1,1,1,
760,XRT 000519,0,Unknown,A,1,1,1,1,
761,CDF-S XT1,0,Unknown,A,0,0,0,0,
762,CXOU J124839.0-054750,0,Unknown,A,1,1,1,1,
763,M86 tULX-1,0,Unknown,A,1,1,1,1,
764,Swift J195509.6+261406,0,Unknown,A,1,1,1,1,
765,IceCube neutrino multiplet,0,Unknown,A,0,0,0,0,
766,KIC 2856960,0,StellarGroup,A,1,1,1,1,
767,AAE-061228,0,Unknown,A,1,1,1,1,
768,AAE-141220,0,Unknown,A,0,0,0,0,
769,AAC-150108,0,Unknown,A,1,1,1,1,
770,IRAS 16406-1406,0,Star,E,1,1,1,1,
771,IRAS 20331+4024,0,Star,E,0,0,0,0,
772,IRAS 20369+5131,0,Star,E,1,1,1,1,
773,IRAS 04287+6444,0,StellarGroup,E,0,0,0,0,
774,UW CMi,0,Star,E,0,0,0,0,
775,WISE J224436.12+372533.6,0,Galaxy,E,1,1,1,1,
776,UGC 3097,0,Galaxy,E,0,0,0,0,
777,NGC 814,0,Galaxy,E,0,0,0,0,
778,ESO 400-28,0,Galaxy,E,0,0,0,0,
779,MCG+02-60-017,0,Galaxy,E,0,0,0,0,
780,TYC 6111-1162-1,0,Star,E,1,1,1,1,
781,UGC 5394,0,Galaxy,E,0,0,0,0,
782,NGC 4502,0,Galaxy,E,1,1,1,1,
783,NGC 4698,0,Galaxy,E,1,1,1,1,
784,IC 3877,0,Galaxy,E,1,1,1,1,
785,AGC 470027,0,Galaxy,E,0,0,0,0,
786,HR 6171,0,Star,E,0,0,0,0,
787,GJ 1019,0,Star,E,0,0,0,0,
788,GJ 299,0,Star,E,0,0,0,0,
789,HD 220077,0,Star,E,1,1,1,1,
790,HIP 107359,0,Star,E,1,1,1,1,
791,TYC 3010-1024-1,0,Star,E,0,0,0,0,
792,Wow!_a,0,Unknown,E,0,0,0,0,
793,Wow!_b,0,Unknown,E,1,1,1,1,
794,5.13 +2.1,0,Unknown,E,0,0,0,0,
795,08.00-08.50,0,Unknown,E,0,0,0,0,
796,03.10+58.0,0,Unknown,E,0,0,0,0,
797,11.03.91,0,Unknown,E,0,0,0,0,
798,WISE 0735-5946,0,Unknown,E,0,0,0,0,
799,IRAS 16329+8252,0,Unknown,E,0,0,0,0,
800,CSL-1,0,GalaxyAssociation,C,1,1,1,1,
801,GRB 090709A,0,CollapsedStar,C,1,1,1,1,
802,GW100916_a,0,NotReal,C,0,0,0,0,
803,GW100916_b,0,NotReal,C,0,0,0,0,
804,HD 117043,0,Star,C,1,1,1,1,
805,Hertzsprung's object,0,NotReal,C,0,0,0,0,
806,HIP 114176,0,NotReal,C,0,0,0,0,
807,KIC 5520878,0,Star,C,1,1,1,1,
808,KIC 9832227,0,StellarGroup,C,1,1,1,1,
809,KOI 6705.01,0,Star,C,1,1,1,1,
810,Perseus flasher,0,NotReal,C,0,0,0,0,
811,PSR B1829-10,0,CollapsedStar,C,1,1,1,1,
812,OT 060420,0,NotReal,C,1,1,1,1,
813,SSSPM J1549-3544,0,Star,C,0,0,0,0,
814,Swift trigger 954840,0,NotReal,C,0,0,0,0,
815,TU Leo,0,Star,C,0,0,0,0,
816,VLA J172059.9+385226.6,0,NotReal,C,1,1,1,1,
